P(D),P(D&T+),P(notD&T+),P(T+),P(D|T+)
0.024,0.0192,0.01952,0.03872,0.4959
0.031,0.0248,0.01938,0.04418,0.5613
0.082,0.0656,0.01836,0.08396,0.7813
0.202,0.1616,0.01596,0.17756,0.9101
