sample_id,microwave,lowtemp
1,0.70866,0.70861
2,0.708762,0.708792
3,0.708725,0.708734
4,0.708668,0.708662
5,0.708675,0.70867
6,0.708702,0.708713
7,0.708647,0.708661
8,0.708677,0.708667
9,0.709145,0.709176
10,0.709017,0.709024
11,0.70882,0.708814
12,0.709402,0.709364
13,0.709374,0.709378
14,0.709508,0.709517
15,0.70907,0.709063
16,0.709061,0.709079
17,0.709096,0.709039
18,0.70872,0.7087
